merk;handelsbenaming;catalogusprijs;eerste_kleur
BMW;3ER REIHE;35452.0;ZWART
BMW;3ER REIHE;32760.0;ZWART
BMW;3ER REIHE;45136.0;ZWART
BMW;X REIHE;57396.0;ZWART
BMW;3ER REIHE;36826.0;ZWART
BMW;3ER REIHE;35276.0;ZWART
BMW;3ER REIHE;35838.0;ZWART
BMW;3ER REIHE;51991.0;ZWART
BMW;5ER REIHE;76364.0;ZWART
BMW;3ER REIHE;73200.0;ZWART
BMW;3ER REIHE;39303.0;ZWART
BMW;1ER REIHE;29672.0;ZWART
BMW;1ER REIHE;30891.0;ZWART
BMW;5ER REIHE;61256.0;ZWART
BMW;5ER REIHE;70689.0;ZWART
BMW;1ER REIHE;28811.0;ZWART
BMW;1ER REIHE;28778.0;ZWART
BMW;3ER REIHE;42529.0;ZWART
BMW;3ER REIHE;41441.0;ZWART
BMW;1ER REIHE;30709.0;ZWART
BMW;1ER REIHE;35640.0;ZWART
BMW;1ER REIHE;27685.0;ZWART
BMW;3ER REIHE;37708.0;ZWART
BMW;3ER REIHE;58421.0;ZWART
BMW;5ER REIHE;53113.0;ZWART
BMW;5ER REIHE;48460.0;ZWART
BMW;5ER REIHE;56359.0;ZWART
BMW;1ER REIHE;28452.0;ZWART
BMW;3ER REIHE;45598.0;ZWART
BMW;1ER REIHE;34167.0;ZWART
BMW;1ER REIHE;27856.0;ZWART
BMW;1ER REIHE;27344.0;ZWART
BMW;3ER REIHE;43988.0;ZWART
BMW;Z REIHE;51274.0;ZWART
BMW;1ER REIHE;26407.0;ZWART
BMW;3ER REIHE;44839.0;ZWART
BMW;3ER REIHE;44137.0;ZWART
BMW;1ER REIHE;41059.0;ZWART
BMW;Z SERIES;62013.0;ZWART
BMW;3ER REIHE;46074.0;ZWART
BMW;3ER REIHE;40413.0;ZWART
BMW;3ER REIHE;37406.0;ZWART
BMW;1ER REIHE;34900.0;ZWART
BMW;1ER REIHE;53292.0;ZWART
BMW;1ER REIHE;47191.0;ZWART
BMW;1ER REIHE;27655.0;ZWART
BMW;X REIHE;75167.0;ZWART
BMW;5ER REIHE;54157.0;ZWART
BMW;1ER REIHE;27622.0;ZWART
BMW;X REIHE;52915.0;ZWART
BMW;3ER REIHE;45645.0;ZWART
BMW;X REIHE;65091.0;ZWART
BMW;5ER REIHE;37920.0;ZWART
BMW;3ER REIHE;37453.0;ZWART
BMW;3ER REIHE;34338.0;ZWART
BMW;X REIHE;81993.0;ZWART
BMW;118D;33170.0;ZWART
BMW;X1 SDRIVE 20D;52478.0;ZWART
BMW;318I;40765.0;ZWART
BMW;318I;37848.0;ZWART
BMW;535I;86378.0;ZWART
BMW;X1 SDRIVE 20D;62559.0;ZWART
BMW;X1 SDRIVE 18I;50996.0;ZWART
BMW;5ER REIHE;50551.0;ZWART
BMW;X1 SDRIVE 20D;53139.0;ZWART
BMW;1ER REIHE;27576.0;ZWART
BMW;523I;66874.0;ZWART
BMW;523I;58347.0;ZWART
BMW;5ER REIHE;51478.0;ZWART
BMW;X1 SDRIVE 20D;54140.0;ZWART
BMW;X3 3.0I;72358.0;ZWART
BMW;535I;95235.0;ZWART
BMW;528I;76115.0;ZWART
BMW;1ER REIHE;28809.0;ZWART
BMW;3ER REIHE;41991.0;ZWART
BMW;X1 SDRIVE 18I;48135.0;ZWART
BMW;118D;34653.0;ZWART
BMW;118D;31336.0;ZWART
BMW;X1 SDRIVE 18I;49192.0;ZWART
BMW;135I;70931.0;ZWART
BMW;318I;38998.0;ZWART
BMW;318I;39129.0;ZWART
BMW;318I;42759.0;ZWART
BMW;318I;37922.0;ZWART
BMW;320I;45988.0;ZWART
BMW;X3 XDRIVE28I;81278.0;ZWART
BMW;118I;32161.0;ZWART
BMW;116I;31446.0;ZWART
BMW;523I;70334.0;ZWART
BMW;318I;46496.0;ZWART
BMW;318I;39963.0;ZWART
BMW;X1 XDRIVE 23D;75365.0;ZWART
BMW;318I;46885.0;ZWART
BMW;116I;30263.0;ZWART
BMW;318I;46668.0;ZWART
BMW;528I;75164.0;ZWART
BMW;523I;66235.0;ZWART
BMW;X REIHE;64108.0;ZWART
BMW;520D;78487.0;ZWART
BMW;535I;79035.0;ZWART
BMW;118I;31538.0;ZWART
BMW;118I;30911.0;ZWART
BMW;320D;49592.0;ZWART
BMW;118I;33183.0;ZWART
BMW;3ER REIHE;50251.0;ZWART
BMW;118I;43121.0;ZWART
BMW;335I;79640.0;ZWART
BMW;3ER REIHE;54542.0;ZWART
BMW;318D;41527.0;ZWART
BMW;X REIHE;67460.0;ZWART
BMW;120I;45789.0;ZWART
BMW;3ER REIHE;41076.0;ZWART
BMW;1ER REIHE;34663.0;ZWART
BMW;116I;28668.0;ZWART
BMW;1ER REIHE;45829.0;ZWART
BMW;1ER REIHE;36482.0;ZWART
BMW;5ER REIHE;71654.0;ZWART
BMW;3ER REIHE;37447.0;ZWART
BMW;320D;46658.0;ZWART
BMW;5ER REIHE;73387.0;ZWART
BMW;3ER REIHE;53549.0;ZWART
BMW;523I;70099.0;ZWART
BMW;5ER REIHE;47938.0;ZWART
BMW;5ER REIHE;79830.0;ZWART
BMW;X SERIES;46466.0;ZWART
BMW;5ER REIHE;52110.0;ZWART
BMW;3ER REIHE;41306.0;ZWART
BMW;523I;78012.0;ZWART
BMW;118I;43527.0;ZWART
BMW;318I;33898.0;ZWART
BMW;3ER REIHE;43949.0;ZWART
BMW;335I;79389.0;ZWART
BMW;5ER REIHE;53695.0;ZWART
BMW;1ER REIHE;35343.0;ZWART
BMW;118I;49251.0;ZWART
BMW;3ER REIHE;48945.0;ZWART
BMW;1ER REIHE;34859.0;ZWART
BMW;3ER REIHE;34264.0;ZWART
BMW;5ER REIHE;78185.0;ZWART
BMW;3ER REIHE;61631.0;ZWART
BMW;3ER REIHE;56240.0;ZWART
BMW;3ER REIHE;42749.0;ZWART
BMW;325D;82954.0;ZWART
BMW;X REIHE;84658.0;ZWART
BMW;3ER REIHE;52751.0;ZWART
BMW;5ER REIHE;58056.0;ZWART
BMW;3ER REIHE;61201.0;ZWART
BMW;3ER REIHE;52688.0;ZWART
BMW;1ER REIHE;31269.0;ZWART
BMW;1ER REIHE;32378.0;ZWART
BMW;335I;78230.0;ZWART
BMW;1ER REIHE;31939.0;ZWART
BMW;1ER REIHE;32463.0;ZWART
BMW;1ER REIHE;33122.0;ZWART
BMW;1ER REIHE;36545.0;ZWART
BMW;335I;75953.0;ZWART
BMW;3ER REIHE;35978.0;ZWART
BMW;3ER REIHE;51762.0;ZWART
BMW;X REIHE;71441.0;ZWART
BMW;5ER REIHE;59274.0;ZWART
BMW;5ER REIHE;63407.0;ZWART
BMW;5ER REIHE;80160.0;ZWART
BMW;X REIHE;63060.0;ZWART
BMW;X REIHE;82839.0;ZWART
BMW;5ER REIHE;62910.0;ZWART
BMW;5ER REIHE;63951.0;ZWART
BMW;3ER REIHE;40545.0;ZWART
BMW;X REIHE;100278.0;ZWART
BMW;5ER REIHE;67982.0;ZWART
BMW;3ER REIHE;49513.0;ZWART
BMW;X REIHE;92962.0;ZWART
BMW;5ER REIHE;80581.0;ZWART
BMW;3ER REIHE;36148.0;ZWART
BMW;3ER REIHE;33948.0;ZWART
BMW;3ER REIHE;32660.0;ZWART
BMW;X REIHE;50644.0;ZWART
BMW;1ER REIHE;48243.0;ZWART
BMW;3ER REIHE;33948.0;ZWART
BMW;3ER REIHE;73955.0;ZWART
BMW;3ER REIHE;48804.0;ZWART
BMW;3ER REIHE;50272.0;ZWART
BMW;5ER REIHE;56015.0;ZWART
BMW;3ER REIHE;45800.0;ZWART
BMW;5ER REIHE;53301.0;ZWART
BMW;3ER REIHE;39709.0;ZWART
BMW;X REIHE;93602.0;ZWART
BMW;3ER REIHE;49566.0;ZWART
BMW;1ER REIHE;33403.0;ZWART
BMW;X REIHE;62280.0;ZWART
BMW;3ER REIHE;57280.0;ZWART
BMW;1ER REIHE;26407.0;ZWART
BMW;5ER REIHE;53735.0;ZWART
BMW;3ER REIHE;47123.0;ZWART
BMW;3ER REIHE;38983.0;ZWART
BMW;Z SERIES;80413.0;ZWART
BMW;Z SERIES;78396.0;ZWART
BMW;3ER REIHE;37810.0;ZWART
BMW;Z SERIES;59870.0;ZWART
BMW;X REIHE;53804.0;ZWART
BMW;3ER REIHE;38892.0;ZWART
BMW;3ER REIHE;40327.0;ZWART
BMW;3ER REIHE;36311.0;ZWART
BMW;1ER REIHE;27630.0;ZWART
BMW;1ER REIHE;35997.0;ZWART
BMW;1ER REIHE;29064.0;ZWART
BMW;3ER REIHE;38702.0;ZWART
BMW;3ER REIHE;30062.0;ZWART
BMW;3ER REIHE;41706.0;ZWART
BMW;3ER REIHE;36751.0;ZWART
BMW;1ER REIHE;29120.0;ZWART
BMW;1ER REIHE;32063.0;ZWART
BMW;1ER REIHE;26475.0;ZWART
BMW;3ER REIHE;64014.0;ZWART
BMW;3ER REIHE;43397.0;ZWART
BMW;118D;45099.0;ZWART
BMW;523I;56874.0;ZWART
BMW;1ER REIHE;28278.0;ZWART
BMW;5ER REIHE;50875.0;ZWART
BMW;525D;76440.0;ZWART
BMW;116D;30177.0;ZWART
BMW;X1 XDRIVE 20D;60726.0;ZWART
BMW;118D;39050.0;ZWART
BMW;X1 SDRIVE 18D;45838.0;ZWART
BMW;3ER REIHE;44500.0;ZWART
BMW;3ER REIHE;40424.0;ZWART
BMW;3ER REIHE;41131.0;ZWART
BMW;3ER REIHE;44119.0;ZWART
BMW;3ER REIHE;42796.0;ZWART
BMW;535I;84131.0;ZWART
BMW;523I;58705.0;ZWART
BMW;X3 3.0I;70697.0;ZWART
BMW;X1 SDRIVE 18I;39153.0;ZWART
BMW;528I;72622.0;ZWART
BMW;118I;33089.0;ZWART
BMW;1ER REIHE;31446.0;ZWART
BMW;118I;30694.0;ZWART
BMW;320D;44755.0;ZWART
BMW;1ER REIHE;31044.0;ZWART
BMW;523I;63216.0;ZWART
BMW;116I;29850.0;ZWART
BMW;X1 SDRIVE 18I;45878.0;ZWART
BMW;3ER REIHE;36084.0;ZWART
BMW;X1 SDRIVE 18I;48351.0;ZWART
BMW;320D;42250.0;ZWART
BMW;X3 XDRIVE28I;80884.0;ZWART
BMW;116I;35423.0;ZWART
BMW;X1 SDRIVE 18I;53893.0;ZWART
BMW;118I;33531.0;ZWART
BMW;325I;72245.0;ZWART
BMW;Z REIHE;58851.0;ZWART
BMW;118I;43749.0;ZWART
BMW;118I;43749.0;ZWART
BMW;530D;94644.0;ZWART
BMW;1ER REIHE;30545.0;ZWART
BMW;3ER REIHE;56809.0;ZWART
BMW;116I;31560.0;ZWART
BMW;520D;61285.0;ZWART
BMW;528I;88656.0;ZWART
BMW;1ER REIHE M COUPE;80587.0;ZWART
BMW;320D;46240.0;ZWART
BMW;5ER REIHE;77713.0;ZWART
BMW;1ER REIHE;33176.0;ZWART
BMW;520D;63668.0;ZWART
BMW;3ER REIHE;45829.0;ZWART
BMW;3ER REIHE;59233.0;ZWART
BMW;1ER REIHE;34294.0;ZWART
BMW;523I;63126.0;ZWART
BMW;3ER REIHE;47021.0;ZWART
BMW;3ER REIHE;44756.0;ZWART
BMW;3ER REIHE;43351.0;ZWART
BMW;X1 SDRIVE 18I;51319.0;ZWART
BMW;320D;50485.0;ZWART
BMW;3ER REIHE;40972.0;ZWART
BMW;523I;58576.0;ZWART
BMW;1ER REIHE;34813.0;ZWART
BMW;X REIHE;66674.0;ZWART
BMW;3ER REIHE;61013.0;ZWART
BMW;1ER REIHE;33321.0;ZWART
BMW;5ER REIHE;79449.0;ZWART
BMW;523I;74505.0;ZWART
BMW;325I;51268.0;ZWART
BMW;1ER REIHE;39703.0;ZWART
BMW;3ER REIHE;40735.0;ZWART
BMW;118I;29583.0;ZWART
BMW;318I;37976.0;ZWART
BMW;3ER REIHE;63490.0;ZWART
BMW;535I;81496.0;ZWART
BMW;3ER REIHE;37648.0;ZWART
BMW;120I;36122.0;ZWART
BMW;1ER REIHE;38774.0;ZWART
BMW;528I;79215.0;ZWART
BMW;320D;47016.0;ZWART
BMW;523I;59560.0;ZWART
BMW;5ER REIHE;72086.0;ZWART
BMW;120I;29989.0;ZWART
BMW;X REIHE;39988.0;ZWART
BMW;3ER REIHE;41064.0;ZWART
BMW;5ER REIHE;66473.0;ZWART
BMW;3ER REIHE;41939.0;ZWART
BMW;3ER REIHE;52258.0;ZWART
BMW;1ER REIHE;38455.0;ZWART
BMW;1ER REIHE;36604.0;ZWART
BMW;116I;26935.0;ZWART
BMW;1ER REIHE;31837.0;ZWART
BMW;Z REIHE;38447.0;ZWART
BMW;520D;65218.0;ZWART
BMW;5ER REIHE;58634.0;ZWART
BMW;3ER REIHE;61196.0;ZWART
BMW;525D;67221.0;ZWART
BMW;5ER REIHE;69994.0;ZWART
BMW;X3 2.0D;55997.0;ZWART
BMW;5ER REIHE;79934.0;ZWART
BMW;1ER REIHE;33901.0;ZWART
BMW;3ER REIHE;49512.0;ZWART
BMW;3ER REIHE;60879.0;ZWART
BMW;3ER REIHE;71543.0;ZWART
BMW;320D;44288.0;ZWART
BMW;530D XDRIVE;99267.0;ZWART
BMW;X REIHE;71735.0;ZWART
BMW;3ER REIHE;38543.0;ZWART
BMW;1ER REIHE;40584.0;ZWART
BMW;3ER REIHE;45598.0;ZWART
BMW;118I;30897.0;ZWART
BMW;118I;37284.0;ZWART
BMW;5ER REIHE;54657.0;ZWART
BMW;3ER REIHE;37129.0;ZWART
BMW;3ER REIHE;43183.0;ZWART
BMW;Z REIHE;51845.0;ZWART
BMW;3ER REIHE;38925.0;ZWART
BMW;3ER REIHE;53000.0;ZWART
BMW;3ER REIHE;42771.0;ZWART
BMW;3ER REIHE;53254.0;ZWART
BMW;520D;72264.0;ZWART
BMW;3ER REIHE;61782.0;ZWART
BMW;1ER REIHE;33728.0;ZWART
BMW;5ER REIHE;57809.0;ZWART
BMW;1ER REIHE;35804.0;ZWART
BMW;118I;30664.0;ZWART
BMW;3ER REIHE;52632.0;ZWART
BMW;X3 2.0I;52576.0;ZWART
BMW;1ER REIHE;34791.0;ZWART
BMW;3ER REIHE;78901.0;ZWART
BMW;118D;37121.0;ZWART
BMW;1ER REIHE;35708.0;ZWART
BMW;3ER REIHE;44268.0;ZWART
BMW;1ER REIHE;30184.0;ZWART
BMW;X REIHE;64980.0;ZWART
BMW;5ER REIHE;98638.0;ZWART
BMW;3ER REIHE;46698.0;ZWART
BMW;3ER REIHE;40584.0;ZWART
BMW;3ER REIHE;68789.0;ZWART
BMW;3ER REIHE;58309.0;ZWART
BMW;3ER REIHE;37217.0;ZWART
BMW;1ER REIHE;37006.0;ZWART
BMW;3ER REIHE;54049.0;ZWART
BMW;3ER REIHE;39261.0;ZWART
BMW;X3 2.0D;56001.0;ZWART
BMW;X3 3.0D;73591.0;ZWART
BMW;3ER REIHE;42749.0;ZWART
BMW;3ER REIHE;39606.0;ZWART
BMW;3ER REIHE;37759.0;ZWART
BMW;3ER REIHE;44546.0;ZWART
BMW;1ER REIHE;26614.0;ZWART
BMW;X REIHE;63688.0;ZWART
BMW;1ER REIHE;31402.0;ZWART
BMW;5ER REIHE;64790.0;ZWART
BMW;3ER REIHE;41939.0;ZWART
BMW;5ER REIHE;45893.0;ZWART
BMW;X REIHE;47061.0;ZWART
BMW;5ER REIHE;63505.0;ZWART
BMW;5ER REIHE;47348.0;ZWART
BMW;1ER REIHE;32147.0;ZWART
BMW;3 SERIES;45277.0;ZWART
BMW;X REIHE;65161.0;ZWART
BMW;318I;41369.0;ZWART
BMW;3ER REIHE;39143.0;ZWART
BMW;1ER REIHE;33933.0;ZWART
BMW;3ER REIHE;46157.0;ZWART
BMW;1ER REIHE;37917.0;ZWART
BMW;1ER REIHE;36046.0;ZWART
BMW;3ER REIHE;58803.0;ZWART
BMW;3ER REIHE;37182.0;ZWART
BMW;3ER REIHE;68795.0;ZWART
BMW;X REIHE;51312.0;ZWART
BMW;3ER REIHE;52558.0;ZWART
BMW;3ER REIHE;74690.0;ZWART
BMW;Z REIHE;40728.0;ZWART
BMW;3ER REIHE;38058.0;ZWART
BMW;1ER REIHE;30889.0;ZWART
BMW;1ER REIHE;29533.0;ZWART
BMW;3ER REIHE;39545.0;ZWART
BMW;3ER REIHE;76915.0;ZWART
BMW;1ER REIHE;36545.0;ZWART
BMW;5ER REIHE;57626.0;ZWART
BMW;X REIHE;71620.0;ZWART
BMW;3ER REIHE;47537.0;ZWART
BMW;3ER REIHE;70283.0;ZWART
BMW;X REIHE;65739.0;ZWART
BMW;1ER REIHE;65905.0;ZWART
BMW;5ER REIHE;69634.0;ZWART
BMW;X REIHE;64950.0;ZWART
BMW;3ER REIHE;40075.0;ZWART
BMW;1ER REIHE;31492.0;ZWART
BMW;1ER REIHE;38062.0;ZWART
BMW;3ER REIHE;48425.0;ZWART
BMW;3ER REIHE;46305.0;ZWART
BMW;5ER REIHE;52596.0;ZWART
BMW;X REIHE;49947.0;ZWART
BMW;1ER REIHE;52594.0;ZWART
BMW;3ER REIHE;49820.0;ZWART
BMW;3ER REIHE;38612.0;ZWART
BMW;5ER REIHE;84243.0;ZWART
BMW;1ER REIHE;28884.0;ZWART
BMW;1ER REIHE;29848.0;ZWART
BMW;1ER REIHE;27109.0;ZWART
BMW;1ER REIHE;28829.0;ZWART
BMW;3ER REIHE;41637.0;ZWART
BMW;3ER REIHE;36766.0;ZWART
BMW;3ER REIHE;33948.0;ZWART
BMW;3ER REIHE;50080.0;ZWART
BMW;1ER REIHE;31234.0;ZWART
BMW;5ER REIHE;85365.0;ZWART
BMW;3ER REIHE;43881.0;ZWART
BMW;3ER REIHE;54515.0;ZWART
BMW;3ER REIHE;34144.0;ZWART
BMW;3ER REIHE;32337.0;ZWART
BMW;3ER REIHE;35592.0;ZWART
BMW;3ER REIHE;45868.0;ZWART
BMW;5ER REIHE;52643.0;ZWART
BMW;1ER REIHE;26444.0;ZWART
BMW;3ER REIHE;42357.0;ZWART
BMW;X REIHE;75146.0;ZWART
BMW;5ER REIHE;62984.0;ZWART
BMW;5ER REIHE;53976.0;ZWART
BMW;3ER REIHE;39101.0;ZWART
BMW;3ER REIHE;39658.0;ZWART
BMW;3ER REIHE;78612.0;ZWART
BMW;1ER REIHE;29316.0;ZWART
BMW;Z SERIES;60353.0;ZWART
BMW;3ER REIHE;50190.0;ZWART
BMW;3ER REIHE;44207.0;ZWART
BMW;3ER REIHE;41435.0;ZWART
BMW;1ER REIHE;50042.0;ZWART
BMW;3ER REIHE;37810.0;ZWART
BMW;3ER REIHE;38025.0;ZWART
BMW;X REIHE;75681.0;ZWART
BMW;3ER REIHE;38056.0;ZWART
BMW;3ER REIHE;42619.0;ZWART
BMW;1ER REIHE;31202.0;ZWART
BMW;1ER REIHE;34004.0;ZWART
BMW;1ER REIHE;51246.0;ZWART
BMW;1ER REIHE;27122.0;ZWART
BMW;1ER REIHE;25054.0;ZWART
BMW;3ER REIHE;51116.0;ZWART
BMW;1ER REIHE;33114.0;ZWART
BMW;5ER REIHE;63385.0;ZWART
BMW;Z SERIES;79688.0;ZWART
BMW;5ER REIHE;46913.0;ZWART
BMW;3ER REIHE;41972.0;ZWART
BMW;5ER REIHE;55299.0;ZWART
BMW;1ER REIHE;32596.0;ZWART
BMW;530D;93887.0;ZWART
BMW;3ER REIHE;77959.0;ZWART
BMW;X1 SDRIVE 18I;38341.0;ZWART
BMW;3ER REIHE;39536.0;ZWART
BMW;1ER REIHE;29831.0;ZWART
BMW;5ER REIHE;59044.0;ZWART
BMW;X1 SDRIVE 18I;41539.0;ZWART
BMW;X1 XDRIVE 20D;61938.0;ZWART
BMW;535I;97214.0;ZWART
BMW;523I;71745.0;ZWART
BMW;116I;29831.0;ZWART
BMW;320D;44165.0;ZWART
BMW;320D;44435.0;ZWART
BMW;Z SERIES;70264.0;ZWART
BMW;3ER REIHE;40781.0;ZWART
BMW;318I;42866.0;ZWART
BMW;X1 SDRIVE 18I;37866.0;ZWART
BMW;528I;69424.0;ZWART
BMW;3ER REIHE;64752.0;ZWART
BMW;318I;40703.0;ZWART
BMW;3ER REIHE;40947.0;ZWART
BMW;523I;61206.0;ZWART
BMW;318I;42324.0;ZWART
BMW;118I;40864.0;ZWART
BMW;120I;58375.0;ZWART
BMW;1ER REIHE;31206.0;ZWART
BMW;318I;38243.0;ZWART
BMW;1ER REIHE;30233.0;ZWART
BMW;1ER REIHE;31446.0;ZWART
BMW;3ER REIHE;45425.0;ZWART
BMW;1ER REIHE;29747.0;ZWART
BMW;318I;37851.0;ZWART
BMW;325I;54244.0;ZWART
BMW;520D;55010.0;ZWART
BMW;116I;30358.0;ZWART
BMW;318I;40649.0;ZWART
BMW;318I;44402.0;ZWART
BMW;116I;30599.0;ZWART
BMW;118I;33183.0;ZWART
BMW;X1 SDRIVE 18I;46854.0;ZWART
BMW;528I;76329.0;ZWART
BMW;318I;39463.0;ZWART
BMW;118I;32603.0;ZWART
BMW;523I;63214.0;ZWART
BMW;X3 XDRIVE20D;57991.0;ZWART
BMW;318I;36411.0;ZWART
BMW;1ER REIHE;28530.0;ZWART
BMW;3ER REIHE;69198.0;ZWART
BMW;X3 XDRIVE20D;64166.0;ZWART
BMW;528I;77035.0;ZWART
BMW;116I;30599.0;ZWART
BMW;5ER REIHE;80318.0;ZWART
BMW;118I;33519.0;ZWART
BMW;1ER REIHE;30826.0;ZWART
BMW;116I;29850.0;ZWART
BMW;3ER REIHE;36911.0;ZWART
BMW;3ER REIHE;63973.0;ZWART
BMW;320I;54465.0;ZWART
BMW;523I;63747.0;ZWART
BMW;5ER REIHE;77877.0;ZWART
BMW;X REIHE;71774.0;ZWART
BMW;3ER REIHE;43765.0;ZWART
BMW;3ER REIHE;50116.0;ZWART
BMW;118I;33448.0;ZWART
BMW;X3 XDRIVE35I;84660.0;ZWART
BMW;3ER REIHE;52711.0;ZWART
BMW;3ER REIHE;40987.0;ZWART
BMW;528I;81940.0;ZWART
BMW;3ER REIHE;39813.0;ZWART
BMW;318I;37632.0;ZWART
BMW;318I;39725.0;ZWART
BMW;5ER REIHE;57536.0;ZWART
BMW;3ER REIHE;50399.0;ZWART
BMW;520D;63294.0;ZWART
BMW;118I;31660.0;ZWART
BMW;5ER REIHE;64663.0;ZWART
BMW;X REIHE;91734.0;ZWART
BMW;5ER REIHE;68919.0;ZWART
BMW;X REIHE;63159.0;ZWART
BMW;3ER REIHE;58239.0;ZWART
BMW;320D;46042.0;ZWART
BMW;318I;38793.0;ZWART
BMW;1ER REIHE;34044.0;ZWART
BMW;528I;76693.0;ZWART
BMW;3ER REIHE;55807.0;ZWART
BMW;116I;36799.0;ZWART
BMW;X REIHE;71200.0;ZWART
BMW;523I;58576.0;ZWART
BMW;125I;58739.0;ZWART
BMW;5ER REIHE;63717.0;ZWART
BMW;5ER REIHE;59073.0;ZWART
BMW;3ER REIHE;39951.0;ZWART
BMW;1ER REIHE;28388.0;ZWART
BMW;3ER REIHE;39232.0;ZWART
BMW;5ER REIHE;68004.0;ZWART
BMW;1ER REIHE;32774.0;ZWART
BMW;5ER REIHE;65469.0;ZWART
BMW;X REIHE;86377.0;ZWART
BMW;3ER REIHE;55545.0;ZWART
BMW;X REIHE;71483.0;ZWART
BMW;5ER REIHE;97861.0;ZWART
BMW;5ER REIHE;97500.0;ZWART
BMW;3ER REIHE;43099.0;ZWART
BMW;118I;30786.0;ZWART
BMW;5ER REIHE;90830.0;ZWART
BMW;118I;34123.0;ZWART
BMW;3ER REIHE;64687.0;ZWART
BMW;3ER REIHE;43674.0;ZWART
BMW;120I;40026.0;ZWART
BMW;X REIHE;78705.0;ZWART
BMW;1ER REIHE;36054.0;ZWART
BMW;320I;47991.0;ZWART
BMW;X REIHE;39988.0;ZWART
BMW;120D;45352.0;ZWART
BMW;130I;51231.0;ZWART
BMW;3ER REIHE;38643.0;ZWART
BMW;1ER REIHE;32129.0;ZWART
BMW;3ER REIHE;33300.0;ZWART
BMW;X REIHE;73498.0;ZWART
BMW;X REIHE;49208.0;ZWART
BMW;3ER REIHE;49538.0;ZWART
BMW;1ER REIHE;32617.0;ZWART
BMW;X3 XDRIVE20D;71946.0;ZWART
BMW;1ER REIHE;43477.0;ZWART
BMW;3ER REIHE;60726.0;ZWART
BMW;118I;35126.0;ZWART
BMW;1ER REIHE;47788.0;ZWART
BMW;3ER REIHE;45079.0;ZWART
BMW;1ER REIHE;36892.0;ZWART
BMW;3ER REIHE;37634.0;ZWART
BMW;5ER REIHE;78152.0;ZWART
BMW;116D;31998.0;ZWART
BMW;130I;49805.0;ZWART
